{
    "metrics": {
        "r2": 0.8810689121119653,
        "mae": 3.781730723613336,
        "rmse": 5.535864283942905,
        "sample_count": 1030
    },
    "feature_importances": {
        "age": 0.3314314450880516,
        "cement": 0.3262011472451624,
        "water": 0.12704230352755252,
        "slag": 0.07713317792239792,
        "superplastic": 0.05613009509271641,
        "fineagg": 0.03531962224648111,
        "coarseagg": 0.02821882435904451,
        "ash": 0.018523384518593373
    },
    "feature_limits": {
        "cement": {
            "min": 102.0,
            "max": 540.0,
            "mean": 281.16786407766995,
            "step": 0.1
        },
        "slag": {
            "min": 0.0,
            "max": 359.4,
            "mean": 73.89582524271846,
            "step": 0.1
        },
        "ash": {
            "min": 0.0,
            "max": 200.1,
            "mean": 54.18834951456311,
            "step": 0.1
        },
        "water": {
            "min": 121.8,
            "max": 247.0,
            "mean": 181.56728155339806,
            "step": 0.1
        },
        "superplastic": {
            "min": 0.0,
            "max": 32.2,
            "mean": 6.204660194174758,
            "step": 0.1
        },
        "coarseagg": {
            "min": 801.0,
            "max": 1145.0,
            "mean": 972.9189320388349,
            "step": 0.1
        },
        "fineagg": {
            "min": 594.0,
            "max": 992.6,
            "mean": 773.5804854368932,
            "step": 0.1
        },
        "age": {
            "min": 1.0,
            "max": 365.0,
            "mean": 45.662135922330094,
            "step": 1.0
        }
    }
}